{"Etc/UTC":{"generic":null,"standard":"Coordinated Universal Time","daylight":null},"Europe/London":{"generic":null,"standard":null,"daylight":"British Summer Time"},"Europe/Dublin":{"generic":null,"standard":null,"daylight":"Irish Standard Time"},"Acre":{"generic":"Acre Time","standard":"Acre Standard Time","daylight":"Acre Summer Time"},"Afghanistan":{"generic":null,"standard":"Afghanistan Time","daylight":null},"Africa_Central":{"generic":null,"standard":"Central Africa Time","daylight":null},"Africa_Eastern":{"generic":null,"standard":"East Africa Time","daylight":null},"Africa_Southern":{"generic":null,"standard":"South Africa Standard Time","daylight":null},"Africa_Western":{"generic":"West Africa Time","standard":"West Africa Standard Time","daylight":"West Africa Summer Time"},"Alaska":{"generic":"Alaska Time","standard":"Alaska Standard Time","daylight":"Alaska Daylight Time"},"Almaty":{"generic":"Almaty Time","standard":"Almaty Standard Time","daylight":"Almaty Summer Time"},"Amazon":{"generic":"Amazon Time","standard":"Amazon Standard Time","daylight":"Amazon Summer Time"},"America_Central":{"generic":"Central Time","standard":"Central Standard Time","daylight":"Central Daylight Time"},"America_Eastern":{"generic":"Eastern Time","standard":"Eastern Standard Time","daylight":"Eastern Daylight Time"},"America_Mountain":{"generic":"Mountain Time","standard":"Mountain Standard Time","daylight":"Mountain Daylight Time"},"America_Pacific":{"generic":"Pacific Time","standard":"Pacific Standard Time","daylight":"Pacific Daylight Time"},"Anadyr":{"generic":"Anadyr Time","standard":"Anadyr Standard Time","daylight":"Anadyr Summer Time"},"Apia":{"generic":"Apia Time","standard":"Apia Standard Time","daylight":"Apia Daylight Time"},"Aqtau":{"generic":"Aqtau Time","standard":"Aqtau Standard Time","daylight":"Aqtau Summer Time"},"Aqtobe":{"generic":"Aqtobe Time","standard":"Aqtobe Standard Time","daylight":"Aqtobe Summer Time"},"Arabian":{"generic":"Arabian Time","standard":"Arabian Standard Time","daylight":"Arabian Daylight Time"},"Argentina":{"generic":"Argentina Time","standard":"Argentina Standard Time","daylight":"Argentina Summer Time"},"Argentina_Western":{"generic":"Western Argentina Time","standard":"Western Argentina Standard Time","daylight":"Western Argentina Summer Time"},"Armenia":{"generic":"Armenia Time","standard":"Armenia Standard Time","daylight":"Armenia Summer Time"},"Atlantic":{"generic":"Atlantic Time","standard":"Atlantic Standard Time","daylight":"Atlantic Daylight Time"},"Australia_Central":{"generic":"Central Australia Time","standard":"Australian Central Standard Time","daylight":"Australian Central Daylight Time"},"Australia_CentralWestern":{"generic":"Australian Central Western Time","standard":"Australian Central Western Standard Time","daylight":"Australian Central Western Daylight Time"},"Australia_Eastern":{"generic":"Eastern Australia Time","standard":"Australian Eastern Standard Time","daylight":"Australian Eastern Daylight Time"},"Australia_Western":{"generic":"Western Australia Time","standard":"Australian Western Standard Time","daylight":"Australian Western Daylight Time"},"Azerbaijan":{"generic":"Azerbaijan Time","standard":"Azerbaijan Standard Time","daylight":"Azerbaijan Summer Time"},"Azores":{"generic":"Azores Time","standard":"Azores Standard Time","daylight":"Azores Summer Time"},"Bangladesh":{"generic":"Bangladesh Time","standard":"Bangladesh Standard Time","daylight":"Bangladesh Summer Time"},"Bhutan":{"generic":null,"standard":"Bhutan Time","daylight":null},"Bolivia":{"generic":null,"standard":"Bolivia Time","daylight":null},"Brasilia":{"generic":"Brasilia Time","standard":"Brasilia Standard Time","daylight":"Brasilia Summer Time"},"Brunei":{"generic":null,"standard":"Brunei Darussalam Time","daylight":null},"Cape_Verde":{"generic":"Cape Verde Time","standard":"Cape Verde Standard Time","daylight":"Cape Verde Summer Time"},"Casey":{"generic":null,"standard":"Casey Time","daylight":null},"Chamorro":{"generic":null,"standard":"Chamorro Standard Time","daylight":null},"Chatham":{"generic":"Chatham Time","standard":"Chatham Standard Time","daylight":"Chatham Daylight Time"},"Chile":{"generic":"Chile Time","standard":"Chile Standard Time","daylight":"Chile Summer Time"},"China":{"generic":"China Time","standard":"China Standard Time","daylight":"China Daylight Time"},"Choibalsan":{"generic":"Choibalsan Time","standard":"Choibalsan Standard Time","daylight":"Choibalsan Summer Time"},"Christmas":{"generic":null,"standard":"Christmas Island Time","daylight":null},"Cocos":{"generic":null,"standard":"Cocos Islands Time","daylight":null},"Colombia":{"generic":"Colombia Time","standard":"Colombia Standard Time","daylight":"Colombia Summer Time"},"Cook":{"generic":"Cook Islands Time","standard":"Cook Islands Standard Time","daylight":"Cook Islands Half Summer Time"},"Cuba":{"generic":"Cuba Time","standard":"Cuba Standard Time","daylight":"Cuba Daylight Time"},"Davis":{"generic":null,"standard":"Davis Time","daylight":null},"DumontDUrville":{"generic":null,"standard":"Dumont-d’Urville Time","daylight":null},"East_Timor":{"generic":null,"standard":"East Timor Time","daylight":null},"Easter":{"generic":"Easter Island Time","standard":"Easter Island Standard Time","daylight":"Easter Island Summer Time"},"Ecuador":{"generic":null,"standard":"Ecuador Time","daylight":null},"Europe_Central":{"generic":"Central European Time","standard":"Central European Standard Time","daylight":"Central European Summer Time"},"Europe_Eastern":{"generic":"Eastern European Time","standard":"Eastern European Standard Time","daylight":"Eastern European Summer Time"},"Europe_Further_Eastern":{"generic":null,"standard":"Further-eastern European Time","daylight":null},"Europe_Western":{"generic":"Western European Time","standard":"Western European Standard Time","daylight":"Western European Summer Time"},"Falkland":{"generic":"Falkland Islands Time","standard":"Falkland Islands Standard Time","daylight":"Falkland Islands Summer Time"},"Fiji":{"generic":"Fiji Time","standard":"Fiji Standard Time","daylight":"Fiji Summer Time"},"French_Guiana":{"generic":null,"standard":"French Guiana Time","daylight":null},"French_Southern":{"generic":null,"standard":"French Southern & Antarctic Time","daylight":null},"Galapagos":{"generic":null,"standard":"Galapagos Time","daylight":null},"Gambier":{"generic":null,"standard":"Gambier Time","daylight":null},"Georgia":{"generic":"Georgia Time","standard":"Georgia Standard Time","daylight":"Georgia Summer Time"},"Gilbert_Islands":{"generic":null,"standard":"Gilbert Islands Time","daylight":null},"GMT":{"generic":null,"standard":"Greenwich Mean Time","daylight":null},"Greenland_Eastern":{"generic":"East Greenland Time","standard":"East Greenland Standard Time","daylight":"East Greenland Summer Time"},"Greenland_Western":{"generic":"West Greenland Time","standard":"West Greenland Standard Time","daylight":"West Greenland Summer Time"},"Guam":{"generic":null,"standard":"Guam Standard Time","daylight":null},"Gulf":{"generic":null,"standard":"Gulf Standard Time","daylight":null},"Guyana":{"generic":null,"standard":"Guyana Time","daylight":null},"Hawaii_Aleutian":{"generic":"Hawaii-Aleutian Time","standard":"Hawaii-Aleutian Standard Time","daylight":"Hawaii-Aleutian Daylight Time"},"Hong_Kong":{"generic":"Hong Kong Time","standard":"Hong Kong Standard Time","daylight":"Hong Kong Summer Time"},"Hovd":{"generic":"Hovd Time","standard":"Hovd Standard Time","daylight":"Hovd Summer Time"},"India":{"generic":null,"standard":"India Standard Time","daylight":null},"Indian_Ocean":{"generic":null,"standard":"Indian Ocean Time","daylight":null},"Indochina":{"generic":null,"standard":"Indochina Time","daylight":null},"Indonesia_Central":{"generic":null,"standard":"Central Indonesia Time","daylight":null},"Indonesia_Eastern":{"generic":null,"standard":"Eastern Indonesia Time","daylight":null},"Indonesia_Western":{"generic":null,"standard":"Western Indonesia Time","daylight":null},"Iran":{"generic":"Iran Time","standard":"Iran Standard Time","daylight":"Iran Daylight Time"},"Irkutsk":{"generic":"Irkutsk Time","standard":"Irkutsk Standard Time","daylight":"Irkutsk Summer Time"},"Israel":{"generic":"Israel Time","standard":"Israel Standard Time","daylight":"Israel Daylight Time"},"Japan":{"generic":"Japan Time","standard":"Japan Standard Time","daylight":"Japan Daylight Time"},"Kamchatka":{"generic":"Petropavlovsk-Kamchatski Time","standard":"Petropavlovsk-Kamchatski Standard Time","daylight":"Petropavlovsk-Kamchatski Summer Time"},"Kazakhstan_Eastern":{"generic":null,"standard":"East Kazakhstan Time","daylight":null},"Kazakhstan_Western":{"generic":null,"standard":"West Kazakhstan Time","daylight":null},"Korea":{"generic":"Korean Time","standard":"Korean Standard Time","daylight":"Korean Daylight Time"},"Kosrae":{"generic":null,"standard":"Kosrae Time","daylight":null},"Krasnoyarsk":{"generic":"Krasnoyarsk Time","standard":"Krasnoyarsk Standard Time","daylight":"Krasnoyarsk Summer Time"},"Kyrgystan":{"generic":null,"standard":"Kyrgyzstan Time","daylight":null},"Lanka":{"generic":null,"standard":"Lanka Time","daylight":null},"Line_Islands":{"generic":null,"standard":"Line Islands Time","daylight":null},"Lord_Howe":{"generic":"Lord Howe Time","standard":"Lord Howe Standard Time","daylight":"Lord Howe Daylight Time"},"Macau":{"generic":"Macao Time","standard":"Macao Standard Time","daylight":"Macao Summer Time"},"Macquarie":{"generic":null,"standard":"Macquarie Island Time","daylight":null},"Magadan":{"generic":"Magadan Time","standard":"Magadan Standard Time","daylight":"Magadan Summer Time"},"Malaysia":{"generic":null,"standard":"Malaysia Time","daylight":null},"Maldives":{"generic":null,"standard":"Maldives Time","daylight":null},"Marquesas":{"generic":null,"standard":"Marquesas Time","daylight":null},"Marshall_Islands":{"generic":null,"standard":"Marshall Islands Time","daylight":null},"Mauritius":{"generic":"Mauritius Time","standard":"Mauritius Standard Time","daylight":"Mauritius Summer Time"},"Mawson":{"generic":null,"standard":"Mawson Time","daylight":null},"Mexico_Northwest":{"generic":"Northwest Mexico Time","standard":"Northwest Mexico Standard Time","daylight":"Northwest Mexico Daylight Time"},"Mexico_Pacific":{"generic":"Mexican Pacific Time","standard":"Mexican Pacific Standard Time","daylight":"Mexican Pacific Daylight Time"},"Mongolia":{"generic":"Ulaanbaatar Time","standard":"Ulaanbaatar Standard Time","daylight":"Ulaanbaatar Summer Time"},"Moscow":{"generic":"Moscow Time","standard":"Moscow Standard Time","daylight":"Moscow Summer Time"},"Myanmar":{"generic":null,"standard":"Myanmar Time","daylight":null},"Nauru":{"generic":null,"standard":"Nauru Time","daylight":null},"Nepal":{"generic":null,"standard":"Nepal Time","daylight":null},"New_Caledonia":{"generic":"New Caledonia Time","standard":"New Caledonia Standard Time","daylight":"New Caledonia Summer Time"},"New_Zealand":{"generic":"New Zealand Time","standard":"New Zealand Standard Time","daylight":"New Zealand Daylight Time"},"Newfoundland":{"generic":"Newfoundland Time","standard":"Newfoundland Standard Time","daylight":"Newfoundland Daylight Time"},"Niue":{"generic":null,"standard":"Niue Time","daylight":null},"Norfolk":{"generic":"Norfolk Island Time","standard":"Norfolk Island Standard Time","daylight":"Norfolk Island Daylight Time"},"Noronha":{"generic":"Fernando de Noronha Time","standard":"Fernando de Noronha Standard Time","daylight":"Fernando de Noronha Summer Time"},"North_Mariana":{"generic":null,"standard":"North Mariana Islands Time","daylight":null},"Novosibirsk":{"generic":"Novosibirsk Time","standard":"Novosibirsk Standard Time","daylight":"Novosibirsk Summer Time"},"Omsk":{"generic":"Omsk Time","standard":"Omsk Standard Time","daylight":"Omsk Summer Time"},"Pakistan":{"generic":"Pakistan Time","standard":"Pakistan Standard Time","daylight":"Pakistan Summer Time"},"Palau":{"generic":null,"standard":"Palau Time","daylight":null},"Papua_New_Guinea":{"generic":null,"standard":"Papua New Guinea Time","daylight":null},"Paraguay":{"generic":"Paraguay Time","standard":"Paraguay Standard Time","daylight":"Paraguay Summer Time"},"Peru":{"generic":"Peru Time","standard":"Peru Standard Time","daylight":"Peru Summer Time"},"Philippines":{"generic":"Philippine Time","standard":"Philippine Standard Time","daylight":"Philippine Summer Time"},"Phoenix_Islands":{"generic":null,"standard":"Phoenix Islands Time","daylight":null},"Pierre_Miquelon":{"generic":"St. Pierre & Miquelon Time","standard":"St. Pierre & Miquelon Standard Time","daylight":"St. Pierre & Miquelon Daylight Time"},"Pitcairn":{"generic":null,"standard":"Pitcairn Time","daylight":null},"Ponape":{"generic":null,"standard":"Ponape Time","daylight":null},"Pyongyang":{"generic":null,"standard":"Pyongyang Time","daylight":null},"Qyzylorda":{"generic":"Qyzylorda Time","standard":"Qyzylorda Standard Time","daylight":"Qyzylorda Summer Time"},"Reunion":{"generic":null,"standard":"Réunion Time","daylight":null},"Rothera":{"generic":null,"standard":"Rothera Time","daylight":null},"Sakhalin":{"generic":"Sakhalin Time","standard":"Sakhalin Standard Time","daylight":"Sakhalin Summer Time"},"Samara":{"generic":"Samara Time","standard":"Samara Standard Time","daylight":"Samara Summer Time"},"Samoa":{"generic":"Samoa Time","standard":"Samoa Standard Time","daylight":"Samoa Daylight Time"},"Seychelles":{"generic":null,"standard":"Seychelles Time","daylight":null},"Singapore":{"generic":null,"standard":"Singapore Standard Time","daylight":null},"Solomon":{"generic":null,"standard":"Solomon Islands Time","daylight":null},"South_Georgia":{"generic":null,"standard":"South Georgia Time","daylight":null},"Suriname":{"generic":null,"standard":"Suriname Time","daylight":null},"Syowa":{"generic":null,"standard":"Syowa Time","daylight":null},"Tahiti":{"generic":null,"standard":"Tahiti Time","daylight":null},"Taipei":{"generic":"Taipei Time","standard":"Taipei Standard Time","daylight":"Taipei Daylight Time"},"Tajikistan":{"generic":null,"standard":"Tajikistan Time","daylight":null},"Tokelau":{"generic":null,"standard":"Tokelau Time","daylight":null},"Tonga":{"generic":"Tonga Time","standard":"Tonga Standard Time","daylight":"Tonga Summer Time"},"Truk":{"generic":null,"standard":"Chuuk Time","daylight":null},"Turkmenistan":{"generic":"Turkmenistan Time","standard":"Turkmenistan Standard Time","daylight":"Turkmenistan Summer Time"},"Tuvalu":{"generic":null,"standard":"Tuvalu Time","daylight":null},"Uruguay":{"generic":"Uruguay Time","standard":"Uruguay Standard Time","daylight":"Uruguay Summer Time"},"Uzbekistan":{"generic":"Uzbekistan Time","standard":"Uzbekistan Standard Time","daylight":"Uzbekistan Summer Time"},"Vanuatu":{"generic":"Vanuatu Time","standard":"Vanuatu Standard Time","daylight":"Vanuatu Summer Time"},"Venezuela":{"generic":null,"standard":"Venezuela Time","daylight":null},"Vladivostok":{"generic":"Vladivostok Time","standard":"Vladivostok Standard Time","daylight":"Vladivostok Summer Time"},"Volgograd":{"generic":"Volgograd Time","standard":"Volgograd Standard Time","daylight":"Volgograd Summer Time"},"Vostok":{"generic":null,"standard":"Vostok Time","daylight":null},"Wake":{"generic":null,"standard":"Wake Island Time","daylight":null},"Wallis":{"generic":null,"standard":"Wallis & Futuna Time","daylight":null},"Yakutsk":{"generic":"Yakutsk Time","standard":"Yakutsk Standard Time","daylight":"Yakutsk Summer Time"},"Yekaterinburg":{"generic":"Yekaterinburg Time","standard":"Yekaterinburg Standard Time","daylight":"Yekaterinburg Summer Time"},"Yukon":{"generic":null,"standard":"Yukon Time","daylight":null}}